Species,V1,V2,V3,V4,V5,V6,V7,V8,V9,V10,V11,V12,V13,Family,Discrete,m1_opcr,m2_opcr,m1_dne,m2_dne,RFI_m1,RFI_m2,RLGA,log_cuberoot_mass,large_mammal,small_mammal,bird,herptile,fish,egg,carrion,hard_invert,soft_invert,seed,fruit,root,plant,hopkins_pineda,hopkins_van_valk,pineda,pantheria,mass_kg,phylo,m1_tooth_length,class3,class4,class5,class6
Felis_silvestris,0.959315120043046,-0.48484811767462305,0.12882760820039926,-0.4719407023023182,-0.6667642592459819,0.9822893648371502,-0.6422231045566877,0.5097978341787525,0.21008230774492886,0.45358615838968813,-0.022260666504040075,-0.9077330802793654,0.5003124131501413,Felidae,Carnivore,-1.36972118744998,-1.0645404225814596,-1.126540878982668,-1.6390912243675282,1.0993150350348895,-1.7209097243318139,-1.531264564216185,-0.2897323481100049,1,4,2,2,2,1,1,2,1,1,2,1,2,Hypercarnivore,Hypercarnivore,Carnivore,Carnivore,4.573080006816896,Felis_silvestris,NA,1,1,1,1
Galictis_cuja,1.1196659986409483,0.8354446995216925,0.7404323245745859,-0.5830000747978266,0.33337872619258263,1.3694829001689792,0.24447659486091922,0.048682565742743704,-0.23026743936213953,0.022891509787846633,0.35517262148798817,-0.974568466421676,0.08882383413175579,Mustelidae,Carnivore,-1.1812290622125028,-0.4811952260563634,-0.36685915662799934,0.04671391090325776,0.09243025129160512,0.397257098700614,-0.44466694595186074,-1.299183608753117,1,4,3,3,1,2,1,2,1,1,2,1,1,Hypercarnivore,Hypercarnivore,NA,Carnivore,1,Galictis_cuja,NA,1,2,2,2
Leopardus_wiedii,1.3213353681996107,0.9857086944060728,0.6975908475298777,-1.2996788311227687,0.11751710169348413,1.110611725198399,-0.007512952387315472,0.3143429455217754,-1.0459543219331744,0.4908328104135238,0.6151081232057499,-0.6577945761421443,-0.25956582708822806,Felidae,Carnivore,-0.9756012892261643,-1.0645404225814596,-1.4458053941106819,-1.6390912243675282,-0.36633612860105,-1.7209097243318139,-1.531264564216185,-0.5122818598040922,1,4,4,3,1,1,1,2,1,1,2,1,1,Hypercarnivore,Hypercarnivore,NA,Carnivore,3.2708100043926653,Leopardus_wiedii,NA,1,2,2,2
Poecilogale_albinucha,1.8962138996674136,-0.8230991576008078,-0.11962107679716874,0.19178751897528007,0.8393075455852388,1.6761988526766909,-1.006331299941471,0.5662829959415095,-0.22660880637076314,1.0394652971100782,0.09942657548784635,-0.9888446966448818,0.245996415991206,Mustelidae,Carnivore,-0.813155348566957,-1.0645404225814596,-0.9839706925024735,-1.6390912243675282,-0.10833123785933327,-1.7209097243318139,-0.6565237081401999,-2.0808385094165387,1,4,2,1,1,1,1,1,1,1,1,1,1,Hypercarnivore,Hypercarnivore,NA,Carnivore,0.30815999980659153,Poecilogale_albinucha,NA,1,1,1,1
Canis_simensis,2.007987391729542,-0.5819035490303898,-0.9904229151558986,0.6415300528056394,0.4753642237184627,1.7630494865595734,-0.2924055336477793,0.8151356757747106,0.271981105245216,0.16750593802636782,0.06461872763710762,-0.5084787176198664,0.37360387002195855,Canidae,Carnivore,-0.62466322332948,-0.13033975293860287,-0.08731074760179114,0.49704862154695983,0.22708942822473727,0.639997218822589,-0.15434100859472683,0.47017752261203816,2,4,2,1,1,2,1,1,1,1,1,1,2,Hypercarnivore,Hypercarnivore,NA,Carnivore,14.361859990023598,Canis_simensis,NA,1,1,1,1
Cryptoprocta_ferox,1.4467163911969951,0.7714507953343791,1.0466739992858944,-0.17070459057527293,0.26140421733572117,1.2966566938833453,0.7136873340277876,0.14393366674582342,-0.2616645783352543,0.1020925282452183,0.17800569456985862,0.48063770831507907,0.56755559870472,Eupleridae,Carnivore,-0.84742664406468,-1.0645404225814596,-0.81838469116449,-1.6390912243675282,0.9949763477669076,-1.7209097243318139,-1.1093263056860103,0.1957439463971074,2,4,3,3,1,2,1,3,1,1,1,1,1,Hypercarnivore,Hypercarnivore,NA,Carnivore,9.500000013238298,Cryptoprocta_ferox,NA,1,2,2,2
Gulo_gulo,1.2797137089273702,0.37646854123752765,-1.4339707679207834,0.9775687001431763,0.742504271160961,-0.9651798119250184,-1.1619612320450725,-0.06915279439069245,-0.06001259236421604,1.5009221098046024,-0.9753287548219531,-0.8974911388580116,0.11331238690703752,Mustelidae,Carnivore,0.42506655776577823,0.09184851443591442,-0.9994744011219565,-0.26323321706220143,-0.9247460026193783,0.43369562395025646,-0.4929067210897305,0.39333731565114466,2,4,2,1,2,1,4,1,2,1,2,1,1,Hypercarnivore,Hypercarnivore,Carnivore,Carnivore,12.79249001293612,Gulo_gulo,NA,1,2,2,2
Leptailurus_serval,1.4267718544881256,0.26320403287605276,0.6215548528908506,-0.9053009295712993,-0.29906971720743586,1.0437282503402756,0.7409209763406716,0.7246188012229896,-0.11086245475779427,0.5845531350812954,0.18895081992141408,0.6821339233782602,0.47450394416975256,Felidae,Carnivore,-0.8601070233988376,-1.0645404225814596,-1.34087565484583,-1.6390912243675282,1.057947093129706,-1.7209097243318139,-1.531264564216185,-0.5122818677724643,2,4,3,3,1,1,1,3,1,1,1,1,2,Hypercarnivore,Hypercarnivore,NA,Carnivore,3.2708099651429454,Leptailurus_serval,NA,1,2,2,2
Lynx_canadensis,2.2295174343103685,-0.4916050043988411,-0.7842111260246867,0.45013018583572184,0.9528068720786484,0.9214152378928699,-0.7245133103071246,0.18236157198181008,-0.15517367080462297,1.175119469687453,-0.3055404048253089,-0.46972788347565003,0.3109311358125792,Felidae,Carnivore,-1.3484729842413916,-1.0645404225814596,-1.555849758899487,-1.6390912243675282,0.08777192067178652,-1.7209097243318139,-1.531264564216185,0.20840129503180885,2,4,2,1,1,1,2,1,1,1,1,1,1,Hypercarnivore,Hypercarnivore,NA,Carnivore,9.682820007974485,Lynx_canadensis,NA,1,1,1,1
Prionailurus_bengalensis,1.0295926994708213,1.512223032492676,0.7267342791881166,-0.9200168229393944,-0.24653595565185757,0.15939917832830805,1.3864300712519497,1.078404398745495,-0.44798522073103164,1.019095674436849,0.05262815308313494,0.7467257019866582,-0.31228834008001627,Felidae,Carnivore,-1.5499882017680031,-1.0645404225814596,-0.1928020567659682,-1.6390912243675282,1.2858148238181206,-1.7209097243318139,-1.531264564216185,-0.6200128375639111,2,4,4,4,1,1,2,3,2,1,1,1,2,Hypercarnivore,Hypercarnivore,NA,Carnivore,2.7809700035954417,Prionailurus_bengalensis,NA,1,2,2,2
Pteronura_brasiliensis,1.2937272333837644,-1.8657257885471212,0.8774522096945597,1.7198766268770946,-1.8149687470169202,0.21538849832040585,-0.5000705866690645,-0.9073120693407472,-0.09930970272983627,0.6698932079799832,0.027312709347875285,-0.3515049983987026,0.023273901302263464,Mustelidae,Piscivore,1.9285482912508902,1.5487975804108174,1.83322897890998,-0.15796740382791283,-0.008659072882834719,0.15173721297081444,0.04782314846504027,0.8642935071413322,2,2,1,2,4,1,1,2,1,1,1,1,1,Hypercarnivore,Hypercarnivore,NA,Carnivore,25.99999997344147,Pteronura_brasiliensis,NA,2,3,3,3
Caracal_caracal,1.8276754225743241,0.8966163963248481,-1.0671280870802216,-0.4626166752653753,-0.7884575690743879,0.049542477538120896,-0.17769208543800352,0.3253647151331517,-1.0020685337924815,0.17070296629862947,0.04689038341603445,0.5238012774107642,0.08912691909726676,Felidae,Carnivore,-1.4855581662322839,-1.0645404225814596,-1.6204219061393954,-1.6390912243675282,1.5297409615259674,-1.7209097243318139,-1.531264564216185,0.34889745370899683,3,4,4,2,2,1,2,2,1,1,2,1,2,Hypercarnivore,Hypercarnivore,NA,Carnivore,11.964380009382165,Caracal_caracal,NA,1,2,2,2
Acinonyx_jubatus,2.7197590013199333,-1.903560128420831,-1.0981870813838566,0.9138872790710901,0.6025589288319163,0.6942180903945552,0.21198312848395218,-0.6896563713951083,-0.668176779530381,0.007330355124952178,0.12124848907667747,0.8439044979313592,-0.7407242039582138,Felidae,Carnivore,-1.5626685811021608,-1.0645404225814596,-0.9630326942637903,-1.6390912243675282,1.5093641782607903,-1.7209097243318139,-1.531264564216185,1.3061520745007507,4,2,2,1,1,1,1,1,1,1,1,1,1,Hypercarnivore,Hypercarnivore,Carnivore,Carnivore,50.577919928040814,Acinonyx_jubatus,NA,3,4,4,4
Canis_lupus,1.8328596358005977,0.22964734925569233,-1.3529099733188816,0.5700619354236838,-0.6529880354138818,-0.10512695434105854,0.5720394076766276,-0.46255745077218485,-0.3675264082656618,-0.6469883029870845,-0.016063061561251427,0.8373458867472474,-0.0019755317630418072,Canidae,Carnivore,-0.39298926576487175,0.2776787016946017,-0.7622395288034843,0.0851670945983334,-0.6362112976959148,0.39859672433584337,-0.3603310800495434,0.9971005095066426,4,3,3,2,2,2,2,2,1,1,2,1,2,Hypercarnivore,Hypercarnivore,Carnivore,Carnivore,31.756510009810196,Canis_lupus,NA,3,4,4,4
Catopuma_temminckii,3.179785542242415,-0.3406332566670699,-0.23351611721477708,-0.06896758006623964,0.07012421778628321,1.123137100718074,0.9107382181455314,-0.4110264978591258,-0.11140875370586456,0.21752036979251588,-1.3180290007824595,0.4445403271110802,-0.6247837290924521,Felidae,Carnivore,0.3051170235237474,-1.0645404225814596,-0.8608200998085386,-1.6390912243675282,0.5538398105746379,-1.7209097243318139,-1.531264564216185,0.05852791628103367,4,4,2,3,1,1,1,1,1,1,1,1,1,Hypercarnivore,Hypercarnivore,NA,Carnivore,7.726459994669323,Catopuma_temminckii,NA,3,4,4,4
Crocuta_crocuta,1.2394528688810709,-0.2898181705338232,-0.9827188077060918,1.5733690910819513,0.2492176935770883,-1.1752626770434076,0.6491240290084358,-1.1794676947129656,-0.1430609162511081,-0.20320653717064097,-0.4531469522917812,0.7064394022171068,-0.5495003330025892,Hyaenidae,Carnivore,-0.7230218414079452,-1.0645404225814596,-1.2512098761290265,-1.6390912243675282,-0.06813607028076843,-1.7209097243318139,-1.2545177652164552,1.4558745522057759,4,2,2,2,2,2,3,2,2,1,2,1,1,Hypercarnivore,Hypercarnivore,Carnivore,Carnivore,63.369979953827226,Crocuta_crocuta,NA,3,4,4,4
Cuon_alpinus,1.9600781823762496,-0.7653836921364782,-1.3192277251558415,-0.21806686903405553,0.08030670413621478,-0.1509558985186066,0.6698705089667668,-0.5221523006748515,0.15718264774300778,-0.08640754746089667,-0.48662500339095993,0.9197983633209572,-0.028544220549683662,Canidae,Omnivore,-0.49169059679831434,-0.2844576147629272,-0.6769772029147324,0.03845601679473264,0.5186045500082148,0.45345044133966017,-0.4997944061808272,0.5335485631934919,4,3,2,2,1,1,2,2,1,1,2,1,2,Hypercarnivore,Hypercarnivore,NA,Carnivore,15.79999998367985,Cuon_alpinus,NA,3,4,4,4
Lycaon_pictus,2.5595374642905235,-0.18375979889370872,-0.6034312036129218,1.5889730054775133,0.6072694719687346,0.7708224642245901,1.7285574211533363,-1.2202468273361227,0.9666585490843255,-0.31013919821308766,-0.8784704129437454,-0.013643856762817833,-0.2712809163764394,Canidae,Carnivore,-0.9413299937284412,-0.4030253538073286,-0.7266605953383901,-0.08702186732955397,0.05657316092913864,0.3717055112261368,-0.3683601311824407,0.7533641144837074,4,3,1,3,1,3,2,1,1,1,1,1,1,Hypercarnivore,Hypercarnivore,NA,Carnivore,21.999990004119315,Lycaon_pictus,NA,3,4,4,4
Neofelis_nebulosa,3.074959699092691,-0.9159779479236471,-0.9500562680316174,0.8726564124018817,-0.1785139224466924,1.0215217000684025,-0.6475428311936615,-0.15361325962692482,-0.6005326041316688,0.03482318821779285,-1.1327628107663963,0.6215079539168898,-0.03064992572322912,Felidae,Carnivore,-0.7960197008180955,-1.0645404225814596,-1.4802492003735541,-1.6390912243675282,0.12657586934601547,-1.7209097243318139,-1.531264564216185,0.49660865255301384,4,4,2,1,2,1,1,1,1,1,1,1,1,Hypercarnivore,Hypercarnivore,NA,Carnivore,14.945049995055584,Neofelis_nebulosa,NA,3,4,4,4
Panthera_leo,1.5672658666000483,-0.7885174501026004,-1.2551908745657236,0.9655210840157622,-0.577801590553497,-0.3522361506419058,0.8670095704545396,-0.9788554918135345,0.1327610527774928,-0.6211520869803792,0.1299310800086701,0.725399516430707,-0.14953933901179267,Felidae,Carnivore,-1.0441438802216105,-1.0645404225814596,-1.643357804973373,-1.6390912243675282,-0.6704546696988536,-1.7209097243318139,-1.531264564216185,2.06515350100645,4,2,2,2,2,2,2,2,1,1,2,1,2,Hypercarnivore,Hypercarnivore,Carnivore,Carnivore,158.6239302311266,Panthera_leo,NA,3,4,4,4
Panthera_onca,2.1038268089622227,0.39586440199872275,-0.047249139189076785,-0.18557639061443348,-1.299700063168678,0.6765669258828175,1.5067772071744028,-0.527719989401861,0.5388154839646809,-0.8792512495552421,-1.2765216294294324,0.3790307277854078,-0.20626997975623923,Felidae,Carnivore,-1.4341512229856992,-1.0645404225814596,-1.2090941315802246,-1.6390912243675282,0.304675098837412,-1.7209097243318139,-1.531264564216185,1.6425660868641558,4,4,2,4,2,2,1,2,1,1,2,1,2,Hypercarnivore,Hypercarnivore,NA,Carnivore,83.94308998014942,Panthera_onca,NA,3,4,4,4
Panthera_pardus,1.7828602216955658,-1.5653090884946461,-0.8497383963862888,0.2501590577934919,-0.9035128759993043,3.086025550147814e-4,0.5760913238687352,-0.7461415331578655,-0.23148566541468887,-0.5785487835954378,-4.387529152089554e-4,0.925016114296876,-0.48640820679927865,Felidae,Carnivore,-0.9927369369750259,-1.0645404225814596,-1.545860255923016,-1.6390912243675282,0.599090604848743,-1.7209097243318139,-1.531264564216185,1.3296529850262873,4,2,2,2,2,1,1,2,1,1,2,1,2,Hypercarnivore,Hypercarnivore,NA,Carnivore,52.399990026866305,Panthera_pardus,NA,3,4,4,4
Puma_concolor,2.993752134714191,-0.7624426505283642,-1.1458483674028104,0.009083118239263062,-0.08345718159534346,1.1617295232846727,0.5456137000979482,0.28098136111236705,0.07640877848721776,0.1011084526624284,-0.993374773789019,0.6408911076214094,-0.2798521525915658,Felidae,Carnivore,-1.0400313247618838,-1.0645404225814596,-1.5786258256858405,-1.6390912243675282,1.224213452901887,-1.7209097243318139,-1.531264564216185,1.3490601922199343,4,4,2,2,1,1,1,1,1,1,1,1,2,Hypercarnivore,Hypercarnivore,NA,Carnivore,53.95404997866802,Puma_concolor,NA,3,4,4,4
Speothos_venaticus,2.9067111311082847,0.2604329380622154,-0.5637220282380055,-0.7102708449706284,-0.022120955983961455,0.8434884189358209,0.6626683366809345,-0.5187989168382321,-0.7215398864753382,-0.35069392845576974,-1.0071613751135315,0.30999417880451413,-0.8970134519544927,Canidae,Carnivore,-0.8258357279011145,-0.7110590881220004,-0.37957227761199913,-0.24684271307201763,0.5964339092001194,0.49717308288917655,-0.5554759225505707,-0.0744200525621696,4,4,3,3,1,1,1,1,1,1,2,1,1,Hypercarnivore,Hypercarnivore,NA,Carnivore,6.324540001922026,Speothos_venaticus,NA,3,4,4,4
Uncia_uncia,2.749813878716095,-0.6168504531288187,-2.0264778047114937,0.4991938177052556,0.2926098348741819,0.3358540899554124,0.2351648546047285,0.1746128454677386,-0.6534153988038937,0.4213514425693825,0.11656930578219048,0.9577304854449117,-0.3493431834569446,Felidae,Carnivore,-0.6630470742869298,-1.0645404225814596,-1.3910629177996208,-1.6390912243675282,0.8241595143851564,-1.7209097243318139,-1.531264564216185,1.012467744101151,4,3,3,1,1,1,2,1,1,1,1,1,2,Hypercarnivore,Hypercarnivore,NA,Carnivore,32.49999998909001,Uncia_uncia,NA,3,4,4,4
Vulpes_macrotis,0.9335487274260186,-0.15457690705075966,-0.3479658058325717,-0.71426682613332515,0.3126276651270831,0.5723838054963853,-0.27353251028489034,0.4229410756194704,0.49688432292959867,0.9286124305292444,0.06067733965280585,-0.8547445269834814,0.6264206831082793,Canidae,Carnivore,-0.6373436026636374,0.1550711759706635,0.13318907000230612,0.7714391466940229,0.8527709619381788,0.6246976537218968,-0.23513580280604132,-0.30043403114434736,1,4,2,2,1,1,2,2,1,1,2,1,2,Hypercarnivore,Hypercarnivore,NA,NA,4.499969864607672,Vulpes_macrotis,NA,1,1,1,1
Hyaena_hyaena,0.27883677986438177,0.6746420262940709,-0.38593023190508136,-0.7047843874507022,0.6594305203483846,-1.803850573890753,0.7525194618354775,-1.5615158101421827,-0.2427442614307617,0.9330963761167054,0.830060274439541,-0.02471225976488546,0.08178413313648464,Hyaenidae,Carnivore,-0.16611328956994503,-1.0645404225814596,-0.1491679077647424,-1.6390912243675282,-0.052229209187129436,-1.7209097243318139,-0.9138219069023156,1.0630141281240966,2,2,3,3,1,1,4,3,1,1,3,1,1,Hypercarnivore,Hypercarnivore,NA,Omnivore,35.070510021384884,Hyaena_hyaena,NA,1,2,2,2
Ursus_maritimus,1.0534194613528474,-0.7116275643951175,-1.8950510578941253,1.651419789387454,0.09563629419546159,-1.1366702544768088,0.28399951096085285,-0.48745983574147284,0.04475661594197416,-0.31961845430072816,-0.12849272529834058,0.9027901827274357,-0.20456875650170275,Ursidae,Carnivore,-0.19627202960794143,0.9981746559899682,-0.433828784582261,0.5659987241663945,-1.1406211259911219,0.3235679345990148,1.0286213305544851,2.6306165034283375,4,2,2,1,2,2,3,2,2,1,2,1,2,Hypercarnivore,Hypercarnivore,Carnivore,Omnivore,371.7038098318228,Ursus_maritimus,NA,3,4,4,4
Cynictis_penicillata,-1.7479008565610543,0.9279566438649917,0.8923776880005556,0.06838384289831546,0.6207310584888097,-0.0819571272278867,0.5836639196263014,1.1968325041464063,0.3158059877517457,0.25764916066514104,0.08250668509896612,0.8646953064766487,-0.8535255433108495,Herpestidae,Insectivore,-0.3803088864307143,0.026201980893443402,0.98763753095766,1.308988314817031,0.9710047859196731,1.329724861230406,0.40074651833989067,-1.5413508779276952,1,3,3,3,1,2,2,4,4,2,2,1,2,Hypocarnivore-Invertivorous,Hypocarnivore,NA,Carnivore,0.6944100005680482,Cynictis_penicillata,NA,1,2,5,5
Helogale_parvula,-1.506342457982754,-1.4110067140076952,1.7009215308098564,0.9307342659708124,1.3771016690247848,-0.13883566658252813,0.19374044034722104,0.6516130841725482,0.4869967108736537,-0.4765967954578191,-0.16523957946355314,0.36653568907896455,-0.44011564429832345,Herpestidae,Insectivore,-0.3504928593476953,0.05892425299769044,0.6095548223041847,0.6239446689940407,1.9423022173956133,1.315432933049045,0.4712773974297951,-2.1401464890408315,1,2,1,2,1,2,1,4,4,1,2,1,1,Hypocarnivore-Invertivorous,Hypocarnivore,NA,Carnivore,0.28182999991620256,Helogale_parvula,NA,1,2,5,5
Mungotictis_decemlineata,-1.1080492150429477,-0.9150516814890047,1.8210810737999332,1.2329188396841255,1.3101186415493518,0.11774929126713238,0.40169281460352574,1.1702896031497616,-0.10717967438923534,0.0057151427870853,0.3701530249928692,0.8413871865622167,-0.5362697395216952,Eupleridae,Insectivore,-0.6328883342489334,-0.31717988686717424,1.0096144375058962,0.7001181156974164,1.2504677605862662,0.6382842018345894,0.19209389450865497,-1.5780936291305638,1,2,2,2,1,2,1,4,4,1,1,1,1,Hypocarnivore-Invertivorous,Hypocarnivore,NA,Carnivore,0.6570300002887989,Mungotictis_decemlineata,NA,1,2,5,5
Enhydra_lutris,-1.0036328875752196,-2.5086050388413788,1.8280764264797598,2.3263639587838396,-1.0634110264859438,-0.6737215947748515,-1.0709576358266042,0.13641410454002184,-0.34300799694857526,0.5130280126149522,0.5322921949641565,0.6106757393292376,0.06692872882575893,Mustelidae,Piscivore,1.9545944758291596,0.32676210985097215,-0.8532280775464208,-0.13114352552170844,-2.027462422607173,0.18787455701695,0.7428076859874921,0.8993838689841713,1,1,1,1,4,1,1,4,3,1,1,1,1,Hypocarnivore-Invertivorous,Hypocarnivore,NA,Omnivore,27.41090700328038,Enhydra_lutris,NA,2,3,3,3
Fossa_fossana,0.42926385310321596,-1.1108078265685823,2.035295492772054,-0.3924540449385119,0.34728052709069385,0.7825961176081518,0.5923239946869141,-0.3127498723216646,0.7464259235851969,0.9009803144218628,0.19253009120455647,0.35144284025480704,1.0461526906526986,Eupleridae,Carnivore,0.05665013116525505,0.05145064764054764,1.7705748162415533,1.4160848378466984,0.559994486551818,0.9814723603426214,0.6022359011813185,-0.8892542404780788,1,3,1,3,1,1,1,4,1,1,1,1,1,Hypocarnivore-Invertivorous,Hypocarnivore,NA,Omnivore,1.8539800025974962,Fossa_fossana,NA,1,2,2,2
Lycalopex_vetulus,-0.5422071292683805,-0.7164397197712785,0.8296927309143979,-1.7117175218884773,0.5004182183109083,0.010895349299369639,-0.7360570965031396,-0.8754401749827861,-0.056177671630092345,-0.8057402636584097,0.4293872263829618,-0.2510251727032405,0.8716328190105652,Canidae,Omnivore,-0.31622156384997224,0.4326045208548333,0.5196926100008519,0.6315613370977148,0.3764888356786387,0.4715815302335715,0.4485101758375615,-0.34097226935503056,1,3,2,2,1,1,1,4,1,1,4,1,1,Hypocarnivore-Invertivorous,Hypocarnivore,NA,Omnivore,4.233469996867643,Lycalopex_vetulus,NA,1,2,2,2
Ichneumia_albicauda,-1.416787988603093,-1.118899062952289,1.8448638633952785,0.28632984416214863,1.159672895432802,-1.0302405988934011,0.6450860536494041,0.3677847308025309,0.6006948968953595,0.590564905750772,-0.5117734615264726,0.31868574145683654,-0.7054277597239688,Herpestidae,Insectivore,0.4422022055146398,1.2054157126501996,1.701207707572939,1.0879102080055099,1.373275936900233,1.081326152568382,0.8290076676269722,-0.4433859086179742,1,2,1,3,1,1,2,4,4,1,2,1,1,Hypocarnivore-Omnivorous,Hypocarnivore,NA,Carnivore,3.628400000875707,Ichneumia_albicauda,NA,1,2,5,5
Otocyon_megalotis,-1.555641196674144,-0.3697700569258211,0.08299869352536401,-0.24663022785973623,0.527273217698779,-0.09553840876114124,0.06175111740090153,-0.4458994129456934,0.7559989931696074,-0.1722067824655871,1.0189798519380084,0.411705359736792,0.18763033839703078,Canidae,Insectivore,-0.2901753792717025,-0.06469321939613186,-0.037661239572230124,0.47413673128524597,0.24928100808322948,0.9391633147274883,1.231558074650817,-0.3625490849702816,1,2,2,2,1,2,2,4,2,2,3,1,2,Hypocarnivore-Omnivorous,Hypocarnivore,Insectivore,Carnivore,4.098119869004217,Otocyon_megalotis,NA,1,2,2,2
Ailuropoda_melanoleuca,0.8998542972524047,-2.5926447648209856,-1.3575859805827597,0.661284425087906,-1.1525410601210406,0.9637026996319039,0.03134043855104346,1.2149205076330194,1.1287296775489635,0.9561538328507968,1.221201403201891,-0.9839437000445067,0.026678031029999064,Ursidae,Herbivore,2.2198543029815365,3.1041154520324383,0.7205581793787309,0.8886414265824163,-2.4637658735174517,-0.2847525797951213,0.9412191908427534,1.8686988380159661,1,2,1,1,2,1,1,1,1,1,1,1,4,Hypocarnivore-Omnivorous,Hypocarnivore,Herbivore,Herbivore,117.999990033052,Ailuropoda_melanoleuca,NA,1,2,2,2
Ailurus_fulgens,-0.6157840758283926,-1.5872443542241084,-2.1978228421543253,0.43612291879740694,-0.23633634958337674,1.6267478361557808,0.46370838883592486,1.170695315243648,0.4915863214941952,0.24636911779244225,1.0935294156134034,-0.8559924466572938,-0.6978488177846036,Ailuridae,Herbivore,1.0717659038078131,1.169865589870277,1.4552261862803166,1.5303848059407916,-1.5192538431054647,0.38673922524307086,0.9180951841145402,-0.20825493308833726,1,2,2,1,1,2,1,1,2,2,2,2,4,Hypocarnivore-Omnivorous,Hypocarnivore,Herbivore,Herbivore,5.170079993338699,Ailurus_fulgens,NA,1,2,2,2
Arctictis_binturong,-1.4305672256849,0.09032089363293362,-1.3734767125708864,-0.5898437140682534,-0.13270496130846693,-1.628799563861153,-1.1075903591200276,1.1031344448551248,-0.10514446200557506,-0.10781788231754139,0.3349591497694571,-0.44219603988429074,-0.005978709476311809,Viverridae,Frugivore,0.09503398212270507,-0.22628468657759898,-0.6398522939689998,-0.26765079939452885,-1.2920086794635437,0.4964395893153107,0.5230604300006173,0.40402177903348097,1,3,3,1,2,1,3,3,3,1,4,1,3,Hypocarnivore-Omnivorous,Hypocarnivore,NA,Herbivore,12.999990010003863,Arctictis_binturong,NA,1,2,2,6
Helarctos_malayanus,-2.6581888961804543,-2.2254042842246022,0.2914209232406447,-0.031220932306262605,0.23718992707269226,-0.8106430691975427,-0.7750393659471727,0.5904387126448857,-0.24487943962447287,-0.9732150985481336,-0.6652610522689641,-0.1473062178335935,-0.11052709086787403,Ursidae,Omnivore,1.1663546793815285,2.0208466539146785,-0.8170261187596897,1.0028220005594195,-2.099536845746333,0.1464655640483885,1.2741315908991508,1.3864100118555518,1,2,1,1,2,1,1,4,4,1,4,2,2,Hypocarnivore-Omnivorous,Hypocarnivore,NA,Herbivore,57.075780082695744,Helarctos_malayanus,NA,1,2,2,6
Nandinia_binotata,0.05079735586066194,-0.6420726091086435,-0.855693157843499,-0.9225098495147372,0.8937675286366923,-0.4428931289919418,-1.0832440912239338,-0.9686935448452713,-0.8658097416107658,-0.2586430835031124,1.3739057387936826,-1.0909761078750069,-0.19471890493974392,Nandiniidae,Omnivore,-0.3504928593476953,-0.29193122012007,-0.544912057680619,-0.11502531971456775,-0.4974492947040989,0.46549077600232175,-0.13504014511487555,-0.7855981168660593,1,2,3,1,1,1,2,2,1,1,4,1,1,Hypocarnivore-Omnivorous,Hypocarnivore,NA,Herbivore,2.1672000004578247,Nandinia_binotata,NA,1,2,2,2
Arctonyx_collaris,-3.082018516629963,-1.6910785964068056,0.27034107567015975,-0.6635468303402572,0.5762689175355146,-0.4640630808104624,0.17631693771497875,0.04619179503000933,-0.39660942089855344,-0.6633680989674595,0.2720514387985191,0.4012176517932048,-1.2936365723251975,Mustelidae,Omnivore,1.0717659038078131,0.172644248026648,1.5938804875937334,0.36394408001120254,-1.7664429966929605,0.9414734430086621,0.5189305554533129,0.09530996749486689,1,1,2,2,1,1,1,4,4,2,4,2,2,Hypocarnivore-Omnivorous,Hypocarnivore,NA,Omnivore,8.166520003775952,Arctonyx_collaris,NA,1,2,2,6
Atilax_paludinosus,-0.9873781742096335,1.351430767575233,1.5684931538867588,-0.631439419406572,-0.37086324548347377,0.1489912252407231,0.19163862977542617,-0.7733952144233076,0.8123433513144686,0.059678011096137636,-0.7102001631954777,-0.1485177459263433,0.2789875612725529,Herpestidae,Omnivore,-0.12327417019779116,-0.22628468657759898,-0.3972272456764711,0.431521150284103,-1.3862743411415444,0.4191782987967901,0.22283630307005262,-0.4485743088945702,1,4,2,4,2,2,2,4,2,2,3,1,1,Hypocarnivore-Omnivorous,Hypocarnivore,NA,Omnivore,3.600160000292031,Atilax_paludinosus,NA,1,2,2,2
Bassariscus_astutus,-2.376635035935182,0.18242917461357536,-0.16228839712351836,-0.9899444262204182,-0.4002464174821121,-0.7467432439244852,-1.0339694446859733,1.3423448256683912,0.8420672853252564,-0.34506746323122245,-1.0885758383131532,0.26392674255733883,-0.28635687563967566,Procyonidae,Omnivore,-0.03759593145348344,0.4756282489918988,1.5977164567366988,1.202050983943483,0.10423581543860659,0.7196339294046148,0.375467252275688,-1.2923330658290988,1,4,2,2,2,1,2,4,4,2,4,1,3,Hypocarnivore-Omnivorous,Hypocarnivore,NA,Omnivore,1.0103700006042518,Bassariscus_astutus,NA,1,2,2,6
Cerdocyon_thous,-0.20031485432404586,1.149322342875873,-0.1299960149275211,-0.4188156355210291,-0.527548199976726,-0.73865422523473,0.3771821512983445,-0.492128790539386,0.2294668511159506,0.26849571821852797,0.8874745635836014,-0.7997655289959805,0.6305118250782271,Canidae,Carnivore,-0.11881890178308731,0.28636424305560537,0.46722462364349754,0.9137218323947954,0.2928172172140476,0.7909919803269001,0.1847325165307109,-0.13862450517662483,1,3,3,3,2,2,3,3,1,1,3,1,2,Hypocarnivore-Omnivorous,Hypocarnivore,NA,Omnivore,5.741659999265695,Cerdocyon_thous,NA,1,2,2,2
Civettictis_civetta,-1.318945471632522,1.4578770502920042,-0.4225946058657253,0.4450837735551574,-0.38886886297908363,-0.9543672242473965,0.8328602640377115,0.9528801457247186,0.6829345887358869,-0.4283796386480887,0.4725818892590875,-0.713691210648433,-0.13711634901957473,Viverridae,Omnivore,1.3246880645810093,0.907279455700393,1.1297282212949842,1.3204501500576642,0.21531897904360503,0.7404941502611634,0.5235424363275264,0.3550406223328655,1,3,3,3,2,3,3,3,3,1,3,1,3,Hypocarnivore-Omnivorous,Hypocarnivore,NA,Omnivore,12.075579993824833,Civettictis_civetta,NA,1,2,2,2
Lycalopex_sechurae,-1.2774276869775063,1.18539865127258,-0.7841131157414982,-0.1565849620680641,0.9681571267903902,0.4337612301554321,-0.647566572429529,-2.040252104630528,1.111779698866599,-0.22712776462127326,0.5670337508330815,-0.5173400520649616,0.3533131448180458,Canidae,Omnivore,-0.24322370443982197,0.08679878108649357,0.7372368133802949,0.7634390244842951,0.8925144816995274,0.7302194268430948,0.23714702415288455,-0.3408891413056828,1,3,2,2,1,3,3,3,1,3,4,1,1,Hypocarnivore-Omnivorous,Hypocarnivore,NA,Omnivore,4.234000005450541,Lycalopex_sechurae,NA,1,2,2,2
Melursus_ursinus,-1.9903130740405575,-1.8915065389712182,-0.35323246562169425,-1.0821302591719595,0.20535944404548073,-0.3662205128281229,0.3084888195533821,-1.808876575865077,0.542858882355802,0.08419876194859478,0.9444370828636535,-0.08866120697023439,0.5676844882038015,Ursidae,Omnivore,0.2410297009430051,1.2304623900633271,-0.4671537665117684,0.5995086730296351,-1.9989813455086898,0.15911908603989147,1.2192978722190304,1.7587921082196902,1,1,1,2,1,1,2,4,1,2,4,2,2,Hypocarnivore-Omnivorous,Hypocarnivore,NA,Omnivore,99.99998990119134,Melursus_ursinus,NA,1,2,2,2
Nasua_nasua,-2.4014075967809054,-0.44056625321081855,0.4484839110308993,0.2090215083076894,0.24753461020626716,-1.4820528717811674,-0.27389182140921964,0.4929385017203706,0.24784862557318804,-1.1369540033986936,0.058917728509181796,-0.1768136003963626,-0.5100031220751093,Procyonidae,Omnivore,-0.17913638185907987,0.18779344807491052,0.26951214098511134,0.8285861856861811,-0.7356917775554673,0.6901225718356375,1.8766072849553208,-0.4169966225907408,1,2,2,2,2,2,2,4,4,1,4,1,2,Hypocarnivore-Omnivorous,Hypocarnivore,NA,Omnivore,3.775500002788799,Nasua_nasua,NA,1,2,2,6
Nasuella_olivacea,-2.832881807768134,-1.7411687590498908,0.6573862175864996,-0.5787025062849784,0.6708641731127613,-1.5675527930162194,1.1171405455075016,-0.1503261455053021,0.29309170746563246,-0.3393437037259693,-0.3142277660734653,-0.3190629225425807,-0.8637454949183457,Procyonidae,Omnivore,0.41649873389134745,0.8769810556038679,0.2994007338907126,0.9779084281266539,-0.8146745104649319,0.7638581843371279,2.236271469146844,-1.1048468673389171,1,1,1,3,1,1,2,4,4,1,4,2,2,Hypocarnivore-Omnivorous,Hypocarnivore,NA,Omnivore,1.3399899983271473,Nasuella_olivacea,NA,1,2,2,6
Nyctereutes_procyonoides,-2.8576913413942453,1.5945654392384545,-1.1746091339430285,0.9105777606823415,-1.4409068543146173,0.3238694472531406,0.83618203311994,-0.04129581383197584,-0.08202073351920416,0.4476042067430783,-0.32594789731331403,-0.3912263169578338,-0.2274455444056528,Canidae,Omnivore,1.1276281154691015,0.043977042283404835,0.5689091330134007,0.5871859664067444,1.7257318258913548,0.9134629261369798,0.1120396234347675,-0.3438772509440851,1,3,3,3,3,3,3,3,3,3,3,3,3,Hypocarnivore-Omnivorous,Hypocarnivore,NA,Omnivore,4.214990000119015,Nyctereutes_procyonoides,NA,1,2,2,2
Paguma_larvata,-0.4863858592551909,0.2399987448968702,0.3781954216197317,-1.8840848594233046,-0.788922800019891,0.06243690820099181,-1.0815659646541607,0.07568580043934298,-0.328218306088275,-0.8667454483535355,0.3417700369316288,-0.19018773848557205,1.1369055695536967,Viverridae,Frugivore,1.7318310550939595,-0.07479268609497355,0.07148023397954907,-0.003153032001303298,-1.4056858724289336,0.7132289395248355,0.4927421800790326,-0.3306180093342829,1,4,3,2,2,1,1,4,1,1,4,1,2,Hypocarnivore-Omnivorous,Hypocarnivore,NA,Omnivore,4.300000005592077,Paguma_larvata,NA,1,2,2,2
Potos_flavus,-0.7701590048117056,-2.6871390692644597,-0.6685389725328216,-0.46108243577990693,0.6482070137776107,-0.3129071184031564,-0.585746750257466,-0.5050909716393481,0.3880528144099402,-0.7653522397524127,0.9276207712354841,-1.1762945038995456,-0.7611018330723813,Procyonidae,Frugivore,1.2304420019622708,0.6422694495227869,-0.8299725146171962,0.8450227758055617,-2.5276513555494406,-0.15522314934392517,2.4807172627702805,-0.7063768567469544,1,1,1,1,1,1,1,2,2,1,4,1,2,Hypocarnivore-Omnivorous,Hypocarnivore,NA,Omnivore,2.441810001016438,Potos_flavus,NA,1,2,2,6
Procyon_lotor,-1.7329397316926411,1.5741298792499616,0.273783757435761,-1.2296343045591527,-2.001735664242812,1.4884840258358456,-1.2475147000619147,-1.3006148317725619,0.6447959325441321,-0.4708069645149652,0.17811683867559913,0.48270153851641456,0.03344009368692957,Procyonidae,Omnivore,0.04808230729082428,0.8519343781907404,1.3411860203009225,1.023715971050157,-0.21419357605689196,0.51038926612905,1.280617632917268,-0.06927648035464977,1,4,3,3,3,2,1,4,1,4,4,1,2,Hypocarnivore-Omnivorous,Hypocarnivore,Granivore,Omnivore,6.373720002734992,Procyon_lotor,NA,1,2,2,2
Spilogale_putorius,-1.4462327031904296,1.162412636576329,-0.15565991584541808,0.10134734323914342,0.757203481109316,-0.8555636674608134,0.24010389258877365,2.3801515178982418,0.5165194723266282,0.3514453794310416,-0.17459794605252718,0.5941876641060695,0.3426463967042154,Mephitidae,Omnivore,-0.49169059679831434,-0.019245619251344225,0.6306526525904915,0.6600414903942298,-0.2834268544071191,0.6181153287406369,0.2583722758103452,-1.676549672824651,1,4,3,2,1,2,3,4,4,1,2,1,3,Hypocarnivore-Omnivorous,Hypocarnivore,NA,Omnivore,0.5664900005214772,Spilogale_putorius,NA,1,2,2,2
Viverricula_indica,-2.0978535158193536,-0.4980498075716922,-0.106057146996653,-1.3330939804409052,-0.9177741850484264,-0.6234042631275306,-0.5963040144286109,2.3882980518550077,0.8160049975916872,-1.1169845196063635,-0.8614211402869529,0.01614038767018572,-0.04106836199506074,Viverridae,Carnivore,-0.09345814311477192,-0.011772013894201423,1.1865485142251515,0.5377819144941409,0.9116574899897574,0.898061301678463,0.2964824706264012,-0.5878736101210564,1,4,2,2,2,1,1,4,4,1,4,1,4,Hypocarnivore-Omnivorous,Hypocarnivore,NA,Omnivore,2.91887999691249,Viverricula_indica,NA,1,2,2,6
Vulpes_zerda,-1.4317026523222465,0.20427224011687,0.9561294421237291,-0.7957474738298707,0.44258179612884946,0.7682097449388952,1.098408271867483,-0.29871831339921856,-1.4307383170973706,-0.4927873343206061,-0.04104019947274982,-0.2582250484229297,0.7211400073340775,Canidae,Omnivore,-0.5859366594170529,-0.02187148059304312,0.15854786284620853,0.6833626636893276,0.4366244434783916,0.5741620537730908,0.2978640604466508,-1.1162728634403007,1,3,3,3,1,2,1,4,2,1,3,3,1,Hypocarnivore-Omnivorous,Hypocarnivore,NA,Omnivore,1.3171300012153682,Vulpes_zerda,NA,1,2,2,2
Eira_barbara,-0.3949101124254281,1.308269191610781,0.003649952223244189,-1.2923136016320953,0.8928492209446199,-1.4122643924493834,-0.11971905417591583,-0.09580220681316474,-0.3221032669425591,-0.18377699383030377,-1.1398529741642613,-0.2150077743616755,-0.5183853876275333,Mustelidae,Omnivore,-0.877242671147699,-0.5417920262494136,-0.4104933056292246,-0.1614696312625507,-0.9861221025648412,0.34757931269030984,-0.2741517088135498,-0.3566016175719365,2,4,3,3,1,1,3,3,3,1,4,1,1,Hypocarnivore-Omnivorous,Hypocarnivore,NA,Omnivore,4.134990003750251,Eira_barbara,NA,1,2,2,2
Procyon_cancrivorus,0.26236308571870004,-0.43902007041905483,0.6645492668163656,-1.3270278713152792,-0.6274782439258884,-0.19212078173009606,-0.2170098217498228,-1.3374783217664366,-0.13493078265417172,-0.943705224757623,-0.29174503196425516,-0.5047678504658638,0.03824344347275915,Procyonidae,Omnivore,0.49806441717592825,0.528751443827806,1.3411860203009225,1.023715971050157,-0.45240192694299197,0.44691923893411245,1.2523756646510869,-0.01354788349600708,2,3,2,3,2,1,1,3,1,1,4,1,1,Hypocarnivore-Omnivorous,Hypocarnivore,NA,Omnivore,6.93171999546378,Procyon_cancrivorus,NA,1,2,2,2
Tremarctos_ornatus,-0.4892706816975899,-1.5574804041416375,-2.405449827247321,-0.9731527740447867,-0.16193292592315905,-0.8317597979637005,-0.0805700514870869,0.6682392548366782,0.687870983197553,-0.7123980307643251,0.7249391267453454,-0.4354813216697888,-0.40631111071763726,Ursidae,Herbivore,2.4128016966337174,3.361449863518925,-0.032170848904313716,0.9097741853073341,-1.21192689727244,0.3474492571706136,1.130977963363824,1.8972107111013203,2,2,2,1,1,1,2,2,2,1,4,1,4,Hypocarnivore-Omnivorous,Hypocarnivore,NA,Omnivore,123.1769701469122,Tremarctos_ornatus,NA,1,2,2,6
Ursus_arctos,-2.2950576568537207,0.40719102031805493,-2.6746145688885914,1.8477329195582841,-1.055973357658806,-0.15620760196846692,0.3081766076698557,-0.43191128649367955,-0.6954793795130697,-0.4107408532596041,-0.20007906387101534,1.0941559402790664,-0.227103094557628,Ursidae,Omnivore,0.8318668353237515,0.8870805223027096,-0.5207774184894647,0.6088214141626496,-0.11155739121649436,0.39351091301673086,1.337062080609338,2.2066214803471036,3,2,3,1,3,3,3,3,3,3,3,3,3,Hypocarnivore-Omnivorous,Hypocarnivore,Herbivore,Omnivore,196.2874997622817,Ursus_arctos,NA,1,2,2,2
Bdeogale_jacksoni,-0.08400475862841049,2.0196049793954107,1.1500902383437368,0.7253799766251141,1.057231664393225,0.0843523548097791,0.8414230130456178,0.43594253208084793,0.31027782337660914,0.6682108104196051,0.35429221736212,0.3232189567607243,1.1817763124750205,Herpestidae,Omnivore,0.5278804442589475,0.40493198210000697,0.06644552447940819,0.5758288398067989,-0.9173530189422642,0.7302026516367761,1.862901693978678,-0.690738241313351,1,4,3,3,1,3,3,4,2,1,1,1,1,Mesocarnivore,Mesocarnivore,NA,Carnivore,2.4999996703146334,Bdeogale_jacksoni,NA,1,2,2,2
Hydrictis_maculicollis,-0.47668255070134385,-1.3466300411298588,2.44467405140514,1.3736208967373509,-1.8976442615734648,-0.5448849722128335,0.1752700770092081,-0.49356618468298175,-0.5299260095526785,0.724812420514834,1.0305068466158362,0.40896658430753474,-0.16334812597540507,Mustelidae,Piscivore,1.2945293245430132,0.07669931438765187,1.6768333203103496,0.15186033002045632,-0.5023247046230233,0.39137868699644707,0.027105363044677592,-0.34932840430493595,1,1,2,3,4,1,1,4,2,1,1,1,1,Mesocarnivore,Mesocarnivore,NA,Carnivore,4.1805300051950365,Hydrictis_maculicollis,NA,2,3,3,3
Lontra_canadensis,-0.7683865148052951,-0.9344204180089757,1.7394945562949937,0.4885002461653374,-2.3300740896253136,-0.5599498643004319,-0.06848802406803609,0.024532142078342607,-0.07170183820063025,0.18823239247193332,0.5232598392859611,0.10093645651281541,0.15151587413902765,Mustelidae,Piscivore,0.8363221037384553,0.1423458479301229,0.8247686744292766,-0.05341795529616369,-0.6636337377596367,0.09470737865346913,0.7509281849610682,0.08884688666191552,1,2,2,3,4,1,1,4,2,1,2,1,2,Mesocarnivore,Mesocarnivore,NA,Carnivore,8.087420008332078,Lontra_canadensis,NA,2,3,3,3
Lutra_lutra,0.09352374856745653,0.49539965901299043,2.4256657230295815,-0.23713806403894522,-2.465008246998212,-0.12270149982710077,0.019374889632481965,-0.6435479065252482,-0.6976065149032517,0.35758359481929425,0.4287249839055469,-0.07237822101434542,0.45563411684558697,Mustelidae,Piscivore,2.695539884489933,1.2607607901598523,0.9382494282419878,0.38069905444282265,-0.41391608818506437,0.6502292634951156,0.1612118894328884,0.15008205093275737,1,3,3,4,4,1,1,4,1,1,2,1,1,Mesocarnivore,Mesocarnivore,Carnivore,Carnivore,8.86868999489487,Lutra_lutra,NA,2,3,3,3
Lutrogale_perspicillata,0.34775752645764785,-0.4429342130297053,2.0569039962073687,1.0713697771981434,-1.880147803120427,0.15844062184042815,-0.3929218159521112,0.13468337029268207,-0.36609735995140574,0.8724694436289758,-0.19045445022960125,-0.2858411807337046,0.0017329600650438843,Mustelidae,Piscivore,0.7934829843663015,0.5085525104301227,0.8884617454072563,0.11950452428908516,-0.35180137251119464,0.3337856047141011,0.20758477768690856,0.15335344416600832,1,3,2,3,4,1,1,3,2,1,1,1,1,Mesocarnivore,Mesocarnivore,NA,Carnivore,8.912489993581676,Lutrogale_perspicillata,NA,2,3,3,3
Martes_americana,-0.8487201464280878,2.1958053324923195,0.6928338289569191,1.004706566415733,-0.3259165486863516,-0.8745264117631221,-0.2700831583800815,0.13712365705623003,-0.07995802810305516,-0.3611380219676517,-0.560584631344327,-0.9876314491350843,0.09891001763933277,Mustelidae,Carnivore,-0.2346558805653912,-0.4003994924656298,-0.7264812637809561,-0.15438558031521493,0.1088299779637197,0.2730071400602465,-0.18629839178180455,-1.38884748817857,1,4,3,3,3,3,3,3,3,1,3,1,1,Mesocarnivore,Mesocarnivore,NA,Carnivore,0.8736899994057808,Martes_americana,NA,1,2,2,2
Taxidea_taxus,0.07551579695104894,1.467110024564765,1.3675148655734592,0.9364419818781293,-0.1991452792913892,1.7511414127361875,0.15788744397621157,0.34889169979315476,0.07254220743838477,0.11351846150321743,0.20127602913736745,0.10048736557631177,0.03775304875169577,Mustelidae,Carnivore,0.04362703887612043,-0.31717988686717424,0.4016932443697762,0.45894199917575706,-0.2785569056026378,0.8955799792632049,0.18693869568707758,0.06839689845958029,1,4,3,3,2,3,1,3,2,2,1,1,1,Mesocarnivore,Mesocarnivore,NA,Carnivore,7.842150004229009,Taxidea_taxus,NA,1,2,2,2
Vulpes_rueppellii,-0.016422579330864318,-0.16428826791590412,-0.002096261732833528,-1.9004659448266585,-0.6770214948554613,0.39816397048504937,0.5961440290578783,0.5192164720055704,0.214930205966096,-0.17888493453311852,1.079832036355106,-0.38629461411197497,0.1455550936707721,Canidae,Omnivore,-0.12327417019779116,-0.10509108619149864,0.38328642635328286,0.6149172798008711,0.6822058995850333,0.44984483296037514,0.004904667753313708,-0.5165262769249891,1,3,3,3,1,1,1,3,1,1,3,1,3,Mesocarnivore,Mesocarnivore,NA,Carnivore,3.249970001528098,Vulpes_rueppellii,NA,1,2,2,2
Vulpes_velox,-0.43318136967417464,1.7685088825166122,0.030671449756627476,0.06658695455898299,-0.3933227638428566,0.03032801697475214,0.07508486431207655,0.2713411075407796,0.5167941465372088,1.0072943045775526,0.03430910425310694,-0.10870600660537645,0.20200581161781067,Canidae,Omnivore,-0.6801827220357913,-0.21113548652933645,-0.2822617320573612,0.4272360158256675,-0.1263302382432732,0.26458542910745025,-0.2275571963712523,-0.8103196007096198,1,4,3,3,2,2,3,3,2,2,2,1,2,Mesocarnivore,Mesocarnivore,NA,Carnivore,2.0879998537974256,Vulpes_velox,NA,1,2,2,2
Vulpes_vulpes,-1.3589188349186234,1.1309890224147698,-0.2858217939037119,0.38469107493583937,0.48726554190163834,0.6982718642359357,-1.974853066129126,0.09260700934944181,-0.18178387516924852,0.06263430031967311,-0.3145430589137762,0.31223411934687323,-0.4305778013080975,Canidae,Omnivore,0.23657443252830127,0.043977042283404835,0.18530015139731748,0.7366602373563117,0.9160311463664517,0.5469958856932473,-0.1875902657280552,-0.2547633644944599,1,4,3,1,2,2,2,3,3,3,3,1,1,Mesocarnivore,Mesocarnivore,Carnivore,Carnivore,4.820359994841636,Vulpes_vulpes,NA,1,2,2,2
Vulpes_lagopus,-0.23370675538851735,2.4193376170149947,-0.42057040668706636,2.475165855370276,0.20867353520887852,-0.4371385832810252,-0.8559473617961688,0.7272381597180662,-0.8929151787607413,-0.8983136556927606,0.06688936315883155,0.1956625902778642,0.6067882365215557,Canidae,Carnivore,-0.84742664406468,-0.15801229169342906,-0.3414282795306184,0.1643530936641223,0.09143821254747492,0.2913845619313511,-0.3349430464778674,-0.4514930996723922,2,4,4,1,3,4,3,3,3,1,2,1,1,Mesocarnivore,Mesocarnivore,NA,Carnivore,3.5843699950130836,Vulpes_lagopus,NA,1,2,2,2
Canis_latrans,0.9106373159721198,1.1749019859982015,-0.5696261359067336,-0.6010660071879488,-1.6012251010463245,-1.2271300839975425,0.006297880535668879,-0.6295549302015376,-0.1768453131555939,0.12449605861364726,-0.7048914927560305,0.3268898376409655,0.6291598432668066,Canidae,Omnivore,0.42952182618048207,0.09932211979305723,0.40497531555170097,0.7030212632505359,0.47808073256247474,0.5809317222636817,-0.27258531814859605,0.3502680137020771,3,4,3,3,3,1,3,3,1,1,3,1,2,Mesocarnivore,Mesocarnivore,NA,Carnivore,11.98909999196776,Canis_latrans,NA,1,2,2,2
Lycalopex_culpaeus,1.8473232453458626,0.26507283716144997,-1.1119872205040322,-0.18111425234342043,0.6325772212944204,0.09249678347564977,0.13971432961966584,-1.1052159130878816,0.10026944838528243,-1.0770163085485838,-1.1789568747688592,0.35539702109106436,0.30822533645740646,Canidae,Omnivore,-0.27749499993754506,-0.13033975293860287,0.31639799307921396,0.6499651044883079,0.6619041110739431,0.7607494467147459,-0.1818713117522954,0.13090596437840885,4,4,2,2,1,2,2,2,1,1,3,1,1,Mesocarnivore,Mesocarnivore,NA,Carnivore,8.616240011896068,Lycalopex_culpaeus,NA,3,4,4,4
Neovison_vison,0.7279363662930896,1.6663824910632112,0.9556498437528977,1.6773718126877413,-0.6948061289270986,0.676366362328053,0.12629112821616395,0.4502655661058647,-0.1924205050449644,0.4133016336312622,-0.00983414253309419,-0.9925438450012922,0.10537019508402257,Mustelidae,Carnivore,0.2410297009430051,-0.06711709140385382,0.09241823221823221,0.2103236493554921,-0.17963973969787386,0.4369724363299726,-0.30736442144994036,-1.3062555429341571,1,4,3,3,3,3,2,2,2,1,1,1,1,Mesocarnivore,Mesocarnivore,NA,NA,0.9894065045235114,Neovison_vison,NA,1,2,2,2
Canis_adustus,-1.8956394037596682,0.6322480118457061,8.661217458345066e-4,-0.9180452898549661,0.7368265679704219,-0.07510470278189349,-0.7337913872379282,0.35493833083418613,0.8895538988287535,-0.7420154739461908,-0.6076446639038804,0.07950419563164976,0.26161794520191606,Canidae,Omnivore,0.7592116888685784,0.7052901217235591,0.6088072079014254,0.8577448955481571,0.5051597094860941,0.575246956383315,0.17915281267598412,0.2553683719886395,1,4,2,2,1,2,2,4,3,2,4,1,2,Mesocarnivore,Mesocarnivore,NA,Omnivore,10.392489990523988,Canis_adustus,NA,1,2,2,6
Lycalopex_gymnocercus,-0.5468611474573024,1.0392290358419536,0.25864320325412915,-0.23457336779482413,0.4621615776499174,-1.1350449778058662,-1.0485305583427325,0.5147202412068997,-0.5474535696046519,0.5794039908454169,-0.6206965831593018,-0.4469293011435058,-0.0022628535087167528,Canidae,Omnivore,-0.03759593145348344,0.2079923814725939,0.5049580931105571,0.8347169144065932,0.4683932343465924,0.7173013983267779,0.02514269840345068,-0.29416275898717187,1,4,3,2,2,1,3,3,3,1,3,1,1,Mesocarnivore,Mesocarnivore,NA,Omnivore,4.542670004934575,Lycalopex_gymnocercus,NA,1,2,2,2
Mellivora_capensis,-1.3579761046970606,-0.09061585685744152,1.0869101999192723,-0.029468867413689447,1.3246666080242653,-0.21715715690500212,-0.15508356985856922,1.265167065154076,-0.5283613721964285,0.6600280752029795,-1.3975706925205826,0.3724692667865171,0.3260447537682542,Mustelidae,Carnivore,-1.031463500887453,-1.0645404225814596,-1.1358910537686449,-1.6390912243675282,-1.0681657901195674,-1.7209097243318139,-0.516263157746335,0.15984089626488304,1,4,2,2,1,1,2,4,4,1,2,2,1,Mesocarnivore,Mesocarnivore,NA,Omnivore,8.999989997979586,Mellivora_capensis,NA,1,2,2,2
Mephitis_mephitis,-1.679911970735689,0.29466164867691436,0.78578341724048,0.706618889775875,1.6165625855556858,0.12014571404573438,-0.7416577642557547,1.171461430729118,-0.5864064743233519,-1.6695198336789747,0.3133430062773386,0.3387904765360868,-0.12679832887575934,Mephitidae,Omnivore,-0.6887505459102221,0.006003047495760012,1.3486981265392295,0.2747964725840546,-0.16957763633677667,0.7248141483188335,0.3535708635299152,-0.7178479896918307,1,3,3,1,1,3,1,4,4,1,3,1,1,Mesocarnivore,Mesocarnivore,NA,Omnivore,2.39999000317146,Mephitis_mephitis,NA,1,2,2,6
Urocyon_cinereoargenteus,-1.5129629833966922,0.7624826029227192,-0.308409215739581,-1.4464179441868639,0.9063448488592208,0.4154823514962428,-2.089014213258949,-0.5736880630968504,-0.1651016890516562,0.02034916369738316,-0.015411078311364448,0.7496253367782796,0.2705401455443799,Canidae,Omnivore,0.133760546035132,0.6648922549281923,0.445325235638358,0.9944750782375842,-0.12571277733878336,0.48168908830508345,0.14870258689342056,-0.4068368306899416,1,4,3,1,1,1,2,4,2,3,4,1,1,Mesocarnivore,Mesocarnivore,NA,Omnivore,3.833709997150108,Urocyon_cinereoargenteus,NA,1,2,2,2
Vulpes_chama,-0.49397039067078985,1.5581569699587172,0.5069411881534208,0.2995934633173516,0.6528806778316434,0.36784235743613336,0.7775112351557895,1.314628300240086,0.4138178392399059,-0.31912176496051475,-0.009832049677316107,-0.3630943737514745,-0.0077028778133723325,Canidae,Carnivore,-0.2901753792717025,-0.11761442489806229,0.06319246281412623,0.4624947701199632,0.3492398269568395,0.6128143684332266,0.11797490004879874,-0.587664346726299,1,4,3,3,1,3,2,3,3,1,2,1,2,Mesocarnivore,Mesocarnivore,NA,Omnivore,2.919800000631428,Vulpes_chama,NA,1,2,2,2
Canis_aureus,0.740762723436042,1.1281912124418965,-0.9221996021772128,-0.5117517461257779,-0.12798233895650252,-0.1754819125258781,-1.0461404266443006,-1.0278492349466697,-0.30255140172483536,0.7929430890939183,-0.3435147191744676,-0.27537606052954666,0.04772889646485903,Canidae,Omnivore,0.6135586830032552,-0.11276668088261838,0.31023430991068285,0.5647200927684394,0.4612909321384882,0.6994135768156667,-0.12906815080723852,0.2067451226871471,2,4,3,2,2,1,3,2,1,2,3,1,1,Mesocarnivore,Mesocarnivore,Carnivore,Omnivore,9.658699994214787,Canis_aureus,NA,1,2,2,2
Chrysocyon_brachyurus,0.5787248637419149,0.5308709199106632,0.43330752523780414,-2.1330557592312296,0.08726347401724417,0.2449669214311909,-0.20227684319765327,-0.7355314104086781,-0.4991298231499845,-0.9628043458671989,-0.32197638695629643,-0.28683754467845934,0.13924440506943936,Canidae,Omnivore,0.47647350101236285,0.06155011433938934,0.14645065465772628,0.5581792850538627,0.26664210934187743,0.4793075321634872,-0.02699157700997719,0.7921991370732226,2,4,3,3,1,1,1,3,1,1,4,1,1,Mesocarnivore,Mesocarnivore,NA,Omnivore,23.325000029543272,Chrysocyon_brachyurus,NA,1,2,2,2
Canis_mesomelas,0.6501844899550449,0.4987000384880292,-1.33127636018787,-1.3837806111057749,-0.4500228418686418,-1.111403259082592,1.159780008326571,-0.24862637591382825,0.35780047709837626,0.09242341062163058,0.2698980757287956,0.6519390122264888,0.2754245333135184,Canidae,Omnivore,0.30957229193845126,0.2635394483162232,0.33649695298389753,0.6667122387062392,1.1264713959501653,0.7381911065832998,-0.17296346072621194,0.10184602666326349,3,3,3,3,1,1,3,3,1,1,3,1,3,Mesocarnivore,Mesocarnivore,NA,Omnivore,8.247299991308084,Canis_mesomelas,NA,1,2,2,2
Conepatus_mesoleucus,-2.2172028795974073,-0.239461680811861,0.8271835162928506,0.4451036270202891,1.3781578521539568,-0.5474124597005211,-0.23283043541776532,0.018364243704013395,0.267263112970063,-0.30132591112225443,0.09261308687564347,0.5346508950315438,-0.8864877831626686,Mustelidae,Insectivore,0.472018232597659,0.013678642186879753,0.9315364822417992,0.24860936290232993,-1.3412774886890346,-0.1293533463264435,0.6165790100410571,-0.5076086446621046,1,2,2,2,1,2,2,4,4,2,3,1,1,NA,NA,NA,NA,3.2939099967791714,Conepatus_mesoleucus,NA,1,2,5,5
Parahyaena_brunnea,-0.20613671023220367,1.9878403159580629,-0.181670282565448,0.07345457964399031,1.0123176589394958,-0.8956313410324255,0.718639103257258,-1.1596706835758344,0.36546674272316026,0.26106138352200703,0.9594674443888915,-0.9482731907632775,0.8496717495713324,Hyaenidae,Carnivore,1.1961707064645477,-1.0645404225814596,-0.524133891489559,-1.6390912243675282,-0.2035184625995789,-1.7209097243318139,-1.0247566242819581,1.1980289771363999,1,3,3,3,1,3,4,3,1,1,3,1,1,NA,NA,NA,NA,42.977930037873996,Parahyaena_brunnea,NA,1,2,2,2
Pekania_pennanti,0.542389123580729,2.5297444883006155,-0.2659611883644051,0.0042968893919336304,1.035485022172527,-0.6704327511400137,0.38367164165107365,0.22898795978817238,-0.4424807309999519,1.3060323602894566,0.3037148821046121,-0.8744916710249016,-0.07884074003902002,Mustelidae,Carnivore,0.7379634856599899,0.6196466441173814,-0.20039407902808604,-0.0058592986553416635,-0.6621018951583952,-0.25679944380987363,-0.21294106201612145,-0.4214967507470907,1,4,4,3,1,2,4,2,2,1,2,1,1,NA,NA,NA,NA,3.7500000000663025,Pekania_pennanti,NA,1,2,2,2
Proteles_cristatus,-0.4410457744632445,-2.6635805821247227,1.2990665133032617,0.84252927750552,1.093044350030467,0.12494551654555033,-0.12413965340551203,-0.0990095151841996,0.12745758122706521,0.61201479853032,1.2556940678807453,0.839717278408458,0.42872620382824184,Hyaenidae,Insectivore,-1.862542416707238,-1.0645404225814596,-2.44499543982922,-1.6390912243675282,1.1488801097189092,-1.7209097243318139,-1.531264564216185,1.2905373084047014,1,1,1,1,1,1,1,4,2,1,1,1,1,NA,NA,NA,NA,49.40244910553018,Proteles_cristatus,NA,1,2,2,2
Viverra_zibetha,-0.30537543726371114,-0.3309902625423859,0.22471920001900747,-0.20280393562075122,0.07734898513404935,0.21161151974208015,-0.8682761518475542,-0.5158119986235822,-0.12074117784575787,-1.1752911501585432,-0.06472002719344126,-1.57151036952719,-0.4159532882037118,Viverridae,Carnivore,0.395250530682759,-0.32485548155829397,0.6765244502584469,0.992036731982296,0.1378066511978981,0.9127077044905751,0.09946589173482177,0.17072833400433426,1,3,2,2,2,2,1,2,2,1,4,1,1,NA,NA,NA,NA,9.148769999799587,Viverra_zibetha,NA,1,2,2,2
